overall_rank,feature,feature_type,rmst_importance_mean_months,rmst_importance_sd_months,cindex_importance_mean,cindex_importance_sd,split_used_fold_fraction,gene_rank
1,Stage_III,clinical,0.08446018839306424,0.11944474390605811,0.03137927071984553,0.008910271696830997,1.0,
2,ABL1,gene,0.06348464644085716,0.08978084799912103,-0.0033973685836061196,0.0048046047273160464,0.5,1
3,ABAT,gene,0.0,0.0,0.00836121083324387,0.002494868942282271,1.0,2
4,Age,clinical,0.0,0.0,0.007790153020896529,0.0007761806392077911,1.0,
5,Stage_IA,clinical,0.0,0.0,0.006867416259670522,0.004889917195653977,1.0,
6,ABCE1,gene,0.0,0.0,0.006577205066872982,0.004496967880764685,1.0,3
7,AAMP,gene,0.0,0.0,0.006068419838870465,0.00044042053674343265,1.0,4
8,Stage_II,clinical,0.0,0.0,0.00507232362921245,0.0030850670284796617,1.0,
9,ABCG1,gene,0.0,0.0,0.003414304295713655,0.0014041826172343408,1.0,5
10,ABLIM3,gene,0.0,0.0,0.0033492618173159294,0.004383441850955328,1.0,6
11,ABI1,gene,0.0,0.0,0.002852893702799064,0.0009447166599839915,1.0,7
12,ABCC8,gene,0.0,0.0,0.002523699971301363,0.002633257193942264,1.0,8
13,A4GALT,gene,0.0,0.0,0.0023971234518577744,0.0033900444962998736,0.5,9
14,ABCA1,gene,0.0,0.0,0.0021923215737384427,0.0017551215790154616,1.0,10
15,ABCC5,gene,0.0,0.0,0.0020533942257739413,0.0021976786929256715,1.0,11
16,AACS,gene,0.0,0.0,0.0018559686804397457,0.0001881415975021094,1.0,12
17,AAK1,gene,0.0,0.0,0.0018036938662054358,0.0025508083279568903,0.5,13
18,ABCB11,gene,0.0,0.0,0.0017212732360922245,0.00365723824925731,1.0,14
19,ABCD1,gene,0.0,0.0,0.001618927399542558,0.0011888178201271864,1.0,15
20,ABHD17B,gene,0.0,0.0,0.001536815019579807,0.0008491485121812874,1.0,16
21,A2M,gene,0.0,0.0,0.0013836555685959873,0.0019567844707615014,0.5,17
22,IS_MALE,clinical,0.0,0.0,0.0010737115461446067,0.0015184574306342882,0.5,
23,ABI2,gene,0.0,0.0,0.0009176488214142631,0.0012977514087397371,0.5,18
24,ABCA8,gene,0.0,0.0,0.0007474210883933741,0.0010570130400095695,0.5,19
25,ABCA3,gene,0.0,0.0,0.0005743108270075958,0.0008121981605718505,0.5,20
26,ABHD5,gene,0.0,0.0,0.0005435789733769791,0.0007687367563705674,0.5,21
27,ABCA6,gene,0.0,0.0,0.0005174303838050287,0.0011201996648954225,1.0,22
28,ABHD3,gene,0.0,0.0,0.00047755274743876974,0.0018230328860279813,1.0,23
29,AATF,gene,0.0,0.0,0.0004471259049027565,0.0016564074603924186,1.0,24
30,ABCF2,gene,0.0,0.0,0.00043073312025565524,0.000609148620428829,0.5,25
31,ABCG2,gene,0.0,0.0,0.00039327806632039053,0.0005561791751741618,0.5,26
32,ABCC4,gene,0.0,0.0,0.0003495805033958965,0.0004943814890436906,0.5,27
33,ABCC1,gene,0.0,0.0,0.000296497621842029,0.0004193109580203666,0.5,28
34,A1CF,gene,0.0,0.0,0.00029566880914067006,0.0023073823872746314,1.0,29
35,ABCB8,gene,0.0,0.0,0.0002184878146224145,0.00030898843065227724,0.5,30
36,ABCB7,gene,0.0,0.0,0.0001667799122861413,0.00023586241388645623,0.5,31
37,ABCD2,gene,0.0,0.0,0.00015700174245164566,0.0011931404898272552,1.0,32
38,ABCA7,gene,0.0,0.0,3.581817391429265e-05,0.0003861277006087987,1.0,33
39,ABCB6,gene,0.0,0.0,1.196121637170311e-05,0.0001228546049248329,1.0,34
40,ABCA4,gene,0.0,0.0,0.0,0.0,0.0,35
41,ABHD10,gene,0.0,0.0,0.0,0.0,0.0,36
42,ABHD4,gene,0.0,0.0,0.0,0.0,0.5,37
43,Histology_Adenocarcinoma,clinical,0.0,0.0,0.0,0.0,0.0,
44,Histology_Adenosquamous Carcinoma,clinical,0.0,0.0,0.0,0.0,0.0,
45,Histology_Large Cell Carcinoma,clinical,0.0,0.0,0.0,0.0,0.0,
46,Histology_Squamous Cell Carcinoma,clinical,0.0,0.0,0.0,0.0,0.0,
47,Race_African American,clinical,0.0,0.0,0.0,0.0,0.0,
48,Race_Asian,clinical,0.0,0.0,0.0,0.0,0.0,
49,Race_Caucasian,clinical,0.0,0.0,0.0,0.0,0.0,
50,Race_Native Hawaiian or Other Pacific Islander,clinical,0.0,0.0,0.0,0.0,0.0,
51,Race_Unknown,clinical,0.0,0.0,0.0,0.0,0.0,
52,Smoked?_No,clinical,0.0,0.0,0.0,0.0,0.0,
53,Smoked?_Yes,clinical,0.0,0.0,0.0,0.0,0.0,
54,Stage_IB,clinical,0.0,0.0,0.0,0.0,0.0,
55,Smoked?_Unknown,clinical,0.0,0.0,-3.776006503031226e-06,0.00018005297878329618,1.0,
56,ABCB9,gene,0.0,0.0,-2.1368899910723105e-05,0.000930700757396393,1.0,38
57,ABCA5,gene,0.0,0.0,-6.334174270383741e-05,0.0003341768104413801,1.0,39
58,ABCG4,gene,0.0,0.0,-6.866759888135565e-05,9.711064963360873e-05,0.5,40
59,ABCA2,gene,0.0,0.0,-0.00022855025016987884,0.00032321886347400644,0.5,41
60,ABCC9,gene,0.0,0.0,-0.0002730989907052117,3.30906614944956e-05,1.0,42
61,ABCB1,gene,0.0,0.0,-0.00036086460284967536,0.0018556289391789631,1.0,43
62,ABHD17A,gene,0.0,0.0,-0.0004057630842988491,0.0005738356569257699,0.5,44
63,ABL2,gene,0.0,0.0,-0.00048067319216943405,0.0006797745474351826,0.5,45
64,ABCC2,gene,0.0,0.0,-0.00048617310903981137,0.002155140957536321,1.0,46
65,ABLIM1,gene,0.0,0.0,-0.0004883561555770743,0.0010750082766707676,1.0,47
66,ABCF1,gene,0.0,0.0,-0.0004919253637866716,0.00046615325837215307,1.0,48
67,ABCA12,gene,0.0,0.0,-0.0004953188917754536,0.001277039261726462,1.0,49
68,AAAS,gene,0.0,0.0,-0.0005452813285988234,0.0003120757246725662,1.0,50
69,AANAT,gene,0.0,0.0,-0.0005487515142432176,0.0006188102245578935,1.0,51
70,A4GNT,gene,0.0,0.0,-0.0006125515833529382,0.001075934235841022,1.0,52
71,ABHD6,gene,0.0,0.0,-0.0006804334798242162,0.0009622782554601263,0.5,53
72,AADAC,gene,0.0,0.0,-0.0007116460247703071,0.0010064194598390678,0.5,54
73,AASDHPPT,gene,0.0,0.0,-0.0010562727778120617,0.0014937952879473205,0.5,55
74,ABCC3,gene,0.0,0.0,-0.0010885760362628338,0.0005086728890239491,1.0,56
75,ABCG5,gene,0.0,0.0,-0.0011674593860028226,0.001651036897204958,0.5,57
76,Adjuvant Chemo,clinical,0.0,0.0,-0.0013836555685959318,0.001956784470761423,0.5,
77,ABCD4,gene,0.0,0.0,-0.0013980617323082756,0.0030895162132135103,1.0,58
78,AARS1,gene,0.0,0.0,-0.0018005494370372799,0.0016029117780356943,1.0,59
79,ABCC10,gene,0.0,0.0,-0.001973789029296791,0.004765614975173712,1.0,60
80,ABCD3,gene,0.0,0.0,-0.0020754833528939254,0.0029351767061421737,0.5,61
81,ABCC6,gene,0.0,0.0,-0.0024655946251366245,0.0034344634884298756,1.0,62
82,ABCB4,gene,0.0,0.0,-0.0032487684122434746,0.0019737588619770504,1.0,63
83,AASS,gene,-3.6602377808832696,5.176357911235521,-0.001724112654165777,0.002244042199313098,1.0,64
