context,gene,joint_policy_pfi_mean,joint_policy_pfi_sd,joint_policy_pfi_se,joint_policy_pfi_positive_fraction
repeat_1_fold_1,A1CF,0.6208053988695639,0.8779514146757761,0.6208053988695638,0.5
repeat_1_fold_1,A2M,0.32391464443198714,0.458084483206975,0.32391464443198714,0.5
repeat_1_fold_1,A4GALT,-1.8988613839775859,3.795741424224702,2.6839945006999706,0.5
repeat_1_fold_1,A4GNT,-2.2563925499476767,3.8159467232066784,2.6982818046260277,0.5
repeat_1_fold_1,AAAS,0.05405637796678775,0.07644726285339738,0.05405637796678774,0.5
repeat_1_fold_1,AACS,-0.2613812271550344,0.1320349244727063,0.09336279044810425,0.0
repeat_1_fold_1,AADAC,0.13798251325140498,0.19513674161046224,0.13798251325140498,0.5
repeat_1_fold_1,AAK1,-1.6442935073279585,1.5672262517722508,1.108196310281734,0.0
repeat_1_fold_1,AAMP,-1.8825616960496667,2.910204798623807,2.0578255477485246,0.5
repeat_1_fold_1,AANAT,-2.8791937821407068,4.243535557642703,3.0006327690153927,0.5
repeat_1_fold_1,AARS1,0.7739121893740908,0.2938791291955237,0.2078039251033523,1.0
repeat_1_fold_1,AASDHPPT,-0.2759040153892336,0.09488439526748063,0.06709339932242031,0.0
repeat_1_fold_1,AASS,-1.3002517070784094,2.299100883416616,1.625709825295871,0.5
repeat_1_fold_1,AATF,-0.5836014633347872,2.723894663870678,1.9260843880608078,0.5
repeat_1_fold_1,ABAT,-2.980147546001284,3.6964204993129526,2.6137640011811527,0.0
repeat_1_fold_1,ABCA1,-0.5127651955517614,0.22347569299711448,0.1580211779486227,0.0
repeat_1_fold_1,ABCA12,-2.778843814126933,2.589045698545923,1.8307317702436838,0.0
repeat_1_fold_1,ABCA2,0.2731675026830658,0.5416736762943473,0.38302112969797975,0.5
repeat_1_fold_1,ABCA3,0.5307406410115725,1.221534653127454,0.8637554366807798,0.5
repeat_1_fold_1,ABCA4,-0.17200871506893378,0.0656555536295131,0.04642548719398575,0.0
repeat_1_fold_1,ABCA5,0.39979754158555636,0.4562001179605111,0.32258219698798024,1.0
repeat_1_fold_1,ABCA6,0.050170546144489236,0.0045365378576276705,0.003207816682238018,1.0
repeat_1_fold_1,ABCA7,-0.10913040952214814,2.1198872089872505,1.4989866208255085,0.5
repeat_1_fold_1,ABCA8,1.386161394261606,1.4166925157561507,1.001752884747404,1.0
repeat_1_fold_1,ABCB1,0.048711414893745086,0.47144192325462686,0.33335978086897455,0.5
repeat_1_fold_1,ABCB11,0.20409567974913756,1.4111847185040916,0.9978582839610722,0.5
repeat_1_fold_1,ABCB4,0.36118986928676833,0.5107996117371132,0.36118986928676833,0.5
repeat_1_fold_1,ABCB6,1.0397643885655512,1.2942266322807845,0.9151564280779709,1.0
repeat_1_fold_1,ABCB7,-2.718037912310006,3.372932727939989,2.3850236044124067,0.0
repeat_1_fold_1,ABCB8,0.8018003448854358,0.9384365871642267,0.6635748744973853,1.0
repeat_1_fold_1,ABCB9,0.17461839686489,0.022354395399625623,0.01580694457640064,1.0
repeat_1_fold_1,ABCC1,0.4491814512488794,0.5726196909958843,0.40490326654413517,1.0
repeat_1_fold_1,ABCC10,0.08470237087456312,1.1730655994485004,0.8294826401466969,0.5
repeat_1_fold_1,ABCC2,-0.4746498700696655,0.6712562836311484,0.4746498700696655,0.0
repeat_1_fold_1,ABCC3,-2.5761190498121174,1.7642500769839604,1.247513193144247,0.0
repeat_1_fold_1,ABCC4,0.033072529895736835,0.17782168936600867,0.1257389223927525,0.5
repeat_1_fold_1,ABCC5,0.3135702995928753,0.5781438530325875,0.40880943898066135,0.5
repeat_1_fold_1,ABCC6,-4.917829598440715,4.320517408751728,3.055067157962877,0.0
repeat_1_fold_1,ABCC8,-2.5796062872431094,2.8459318965795584,2.012377742866498,0.0
repeat_1_fold_1,ABCC9,-0.9411413019822064,1.330974793372709,0.9411413019822064,0.0
repeat_1_fold_1,ABCD1,-2.7199388117557355,3.8386932503381344,2.714366028209124,0.0
repeat_1_fold_1,ABCD2,-2.3918926988136633,3.3826470944034672,2.3918926988136633,0.0
repeat_1_fold_1,ABCD3,-1.6191657603096274,2.2898461779600194,1.6191657603096274,0.0
repeat_1_fold_1,ABCD4,0.9128283690939725,0.3604397742802013,0.2548694086028789,1.0
repeat_1_fold_1,ABCE1,-0.08238838158489159,0.576782051386884,0.4078464998023534,0.5
repeat_1_fold_1,ABCF1,0.13800522175074903,0.19516885627821573,0.13800522175074903,0.5
repeat_1_fold_1,ABCF2,-2.1031454849035285,2.69101983277576,1.902838372063229,0.0
repeat_1_fold_1,ABCG1,-0.20093812402434708,0.28416942019303865,0.20093812402434705,0.0
repeat_1_fold_1,ABCG2,0.2861856458530312,0.4047276217218602,0.2861856458530312,0.5
repeat_1_fold_1,ABCG4,-0.018965580116606873,0.47486242024589975,0.3357784374865318,0.5
repeat_1_fold_1,ABCG5,-0.11952438025282319,0.1690329995877815,0.11952438025282319,0.0
repeat_1_fold_1,ABHD10,1.351552713987104,3.2349542078900235,2.287458057226992,0.5
repeat_1_fold_1,ABHD17A,-0.3635204718408609,0.5140955814776123,0.36352047184086084,0.0
repeat_1_fold_1,ABHD17B,1.0093863019476963,1.3110802231090402,0.9270737164399739,1.0
repeat_1_fold_1,ABHD3,-2.048269539187391,2.285523640817208,1.616109264984015,0.0
repeat_1_fold_1,ABHD4,-0.2857344717903949,0.6286828749300384,0.44454592407888427,0.5
repeat_1_fold_1,ABHD5,-2.5424089129642695,3.5955091658123077,2.5424089129642695,0.0
repeat_1_fold_1,ABHD6,-1.0570840243811936,1.9083783097705806,1.3494272439080992,0.5
repeat_1_fold_1,ABI1,0.7243570154557659,0.017878166405431568,0.012641772700462184,1.0
repeat_1_fold_1,ABI2,-1.0221567260255533,2.329536941783891,1.6472313685599607,0.5
repeat_1_fold_1,ABL1,1.6569516306503118,3.117971302069703,2.204738651238536,0.5
repeat_1_fold_1,ABL2,0.7787047013608692,1.2359432323391808,0.8739438407486553,0.5
repeat_1_fold_1,ABLIM1,-2.182187617504063,3.714413424943293,2.6264869209077513,0.5
repeat_1_fold_1,ABLIM3,0.20169362184869755,0.28523785546257846,0.20169362184869752,0.5
repeat_1_fold_2,A1CF,0.19796185189329663,0.2799603357799941,0.19796185189329663,0.5
repeat_1_fold_2,A2M,0.3192960864033587,0.9306813036279403,0.6580910609188527,0.5
repeat_1_fold_2,A4GALT,0.0,0.0,0.0,0.0
repeat_1_fold_2,A4GNT,-0.21077109180847486,0.0572592328611861,0.04048839184168429,0.0
repeat_1_fold_2,AAAS,0.2131613154481471,0.30145562328005915,0.21316131544814707,0.5
repeat_1_fold_2,AACS,0.5054755834192193,0.7148504255199127,0.5054755834192193,0.5
repeat_1_fold_2,AADAC,0.8790863636511297,1.2432158579726742,0.8790863636511296,0.5
repeat_1_fold_2,AAK1,0.39410137145878466,0.04556774209326806,0.03222125943750953,1.0
repeat_1_fold_2,AAMP,1.5190467801116476,2.4932411165417347,1.7629877006397798,0.5
repeat_1_fold_2,AANAT,0.9345963327385327,1.3217188091029908,0.9345963327385326,0.5
repeat_1_fold_2,AARS1,0.0,0.0,0.0,0.0
repeat_1_fold_2,AASDHPPT,1.0254348051105708,1.4501838087167809,1.0254348051105708,0.5
repeat_1_fold_2,AASS,-0.2501244946330381,0.3537294525917589,0.2501244946330381,0.0
repeat_1_fold_2,AATF,1.1128464870320407,1.264274085672228,0.8939767792572546,1.0
repeat_1_fold_2,ABAT,1.6018277664786993,0.4769511685295054,0.33725540556206113,1.0
repeat_1_fold_2,ABCA1,-0.5303423753627996,0.1725359856069457,0.12200136542137585,0.0
repeat_1_fold_2,ABCA12,0.7933850624593823,1.1220159155142837,0.7933850624593823,0.5
repeat_1_fold_2,ABCA2,2.5140736229166514,0.17903397992695275,0.12659614126916452,1.0
repeat_1_fold_2,ABCA3,0.39038537147288466,0.5520882868890122,0.3903853714728846,0.5
repeat_1_fold_2,ABCA4,0.45666636077629974,0.6458237608894078,0.4566663607762997,0.5
repeat_1_fold_2,ABCA5,-0.40983535693299444,0.29146853839894327,0.20609938000442438,0.0
repeat_1_fold_2,ABCA6,-0.5482181171132474,0.5285037266730266,0.3737085690128587,0.0
repeat_1_fold_2,ABCA7,0.17344856248123008,0.7596957407694997,0.5371860099366508,0.5
repeat_1_fold_2,ABCA8,-0.3204386049386798,0.06123381032223175,0.043298842516740876,0.0
repeat_1_fold_2,ABCB1,0.07459143423717762,0.10548821793507741,0.07459143423717762,0.5
repeat_1_fold_2,ABCB11,0.31485461135224213,0.7684720141131903,0.5433917723315211,0.5
repeat_1_fold_2,ABCB4,0.560774150852204,0.6310886511646663,0.4462470647684071,1.0
repeat_1_fold_2,ABCB6,0.19393215607253822,0.11229572689926294,0.07940506998874142,1.0
repeat_1_fold_2,ABCB7,0.1627339880513432,0.23014061296127075,0.16273398805134318,0.5
repeat_1_fold_2,ABCB8,-0.31444139852341024,1.5832857428514453,1.1195520853262373,0.5
repeat_1_fold_2,ABCB9,0.7024371999561936,0.08095645920559386,0.05724486128512751,1.0
repeat_1_fold_2,ABCC1,0.049307070039414924,0.06973072717062068,0.04930707003941492,0.5
repeat_1_fold_2,ABCC10,0.049173667588036096,0.06954206761462693,0.049173667588036096,0.5
repeat_1_fold_2,ABCC2,1.0233155000157836,1.4471866587089264,1.0233155000157836,0.5
repeat_1_fold_2,ABCC3,-0.6813983061678428,0.9000791686325831,0.6364520837448495,0.0
repeat_1_fold_2,ABCC4,0.8678178209571605,1.2272797320666828,0.8678178209571605,0.5
repeat_1_fold_2,ABCC5,-0.04290242877960537,0.18445599537530305,0.13043008516039123,0.5
repeat_1_fold_2,ABCC6,0.193159864589159,0.27316930020813923,0.193159864589159,0.5
repeat_1_fold_2,ABCC8,4.692334812999899,6.402706568115043,4.527397232261794,1.0
repeat_1_fold_2,ABCC9,-0.250703825426811,0.5165145084561894,0.3652309115106078,0.5
repeat_1_fold_2,ABCD1,-0.1455732880945284,0.20587171834252788,0.14557328809452838,0.0
repeat_1_fold_2,ABCD2,0.4262830935894222,0.21629812016721794,0.15294586752814254,1.0
repeat_1_fold_2,ABCD3,0.0984507948692368,0.4636807972296321,0.3278718360270574,0.5
repeat_1_fold_2,ABCD4,0.7625326259185492,0.4754727347658638,0.336209995022255,1.0
repeat_1_fold_2,ABCE1,0.0,0.0,0.0,0.0
repeat_1_fold_2,ABCF1,0.038151601400659985,0.053954512127065715,0.03815160140065998,0.5
repeat_1_fold_2,ABCF2,0.2874727927996652,2.8129566501379064,1.9890607224963082,0.5
repeat_1_fold_2,ABCG1,-0.7065741344170782,0.9992467237146623,0.7065741344170782,0.0
repeat_1_fold_2,ABCG2,1.6702274435261586,0.7162441355782165,0.5064610852524538,1.0
repeat_1_fold_2,ABCG4,-0.0033112129886418984,0.17266862318648804,0.12209515435331042,0.5
repeat_1_fold_2,ABCG5,3.8129727153995177,5.48917797010856,3.8814349658035705,0.5
repeat_1_fold_2,ABHD10,0.48004733172479064,0.678889447106215,0.4800473317247906,0.5
repeat_1_fold_2,ABHD17A,0.29743645227150495,0.11111015561876153,0.07856674449671885,1.0
repeat_1_fold_2,ABHD17B,-0.274822875673987,0.32893489956747696,0.2325920980530789,0.0
repeat_1_fold_2,ABHD3,0.26794430512671497,0.25514767153439577,0.18041664874592908,1.0
repeat_1_fold_2,ABHD4,-0.0218800599946114,0.03094307758991643,0.021880059994611397,0.0
repeat_1_fold_2,ABHD5,-0.26118911755816754,0.36937719239502126,0.26118911755816754,0.0
repeat_1_fold_2,ABHD6,-0.2768792210886062,0.10795174023026924,0.07633340755771201,0.0
repeat_1_fold_2,ABI1,0.024164106840373734,0.4261080183062525,0.3013038692623127,0.5
repeat_1_fold_2,ABI2,0.2943507598388386,0.41627483665891135,0.2943507598388386,0.5
repeat_1_fold_2,ABL1,0.22981027406466836,1.7020535009332853,1.2035335724522296,0.5
repeat_1_fold_2,ABL2,-0.09880878026613615,0.7585457412132627,0.536372837452074,0.5
repeat_1_fold_2,ABLIM1,-0.6430062646540975,0.5624389037385591,0.39770436283666294,0.0
repeat_1_fold_2,ABLIM3,-0.14572025239029784,0.20607955724278965,0.14572025239029784,0.0
full_development,A1CF,0.5384698410046731,0.1970499197140526,0.13933533446207136,1.0
full_development,A2M,-0.8882231684493576,1.1385838595165405,0.8051003680136971,0.0
full_development,A4GALT,0.16710017546330036,0.23631533441512326,0.16710017546330036,0.5
full_development,A4GNT,-0.22222748439211415,0.31427712235938315,0.22222748439211415,0.0
full_development,AAAS,-0.3273374411770078,0.4980154192436976,0.35215008008267995,0.5
full_development,AACS,-0.10668679065450348,0.20430873700095364,0.14446809338903321,0.5
full_development,AADAC,-0.4920930567693169,0.15551238641220366,0.10996386299057191,0.0
full_development,AAK1,0.21299523254203834,0.16975680527636997,0.12003618816348549,1.0
full_development,AAMP,-0.11607738716413607,0.28852229686229475,0.20401607263484675,0.5
full_development,AANAT,0.10595836415907911,0.3263841440285624,0.23078844151436329,0.5
full_development,AARS1,-0.42664245806156487,1.2437030688883126,0.8794308737934456,0.5
full_development,AASDHPPT,0.06368187903910183,0.17296033141936773,0.12230142322290759,0.5
full_development,AASS,-0.041310638308580394,0.1159858578179979,0.08201438658484506,0.5
full_development,AATF,1.8700609064508065,2.5662989225752564,1.8146473707046944,1.0
full_development,ABAT,2.3285545766483366,2.609412848200801,1.8451335198780894,1.0
full_development,ABCA1,0.2164222110083287,0.15992179883195107,0.11308178841362349,1.0
full_development,ABCA12,-0.24431876870277947,1.288594259946092,0.9111737394059424,0.5
full_development,ABCA2,0.5583384680898007,0.4025994837491035,0.2846808250611943,1.0
full_development,ABCA3,-0.07961168615519298,0.8440560506093546,0.5968377570874104,0.5
full_development,ABCA4,-0.4902271817078798,1.508620082966669,1.0667554908999435,0.5
full_development,ABCA5,0.8843850701191371,1.642284082248636,1.1612702111927362,0.5
full_development,ABCA6,0.6988160282174611,0.5327995145890342,0.3767461497788069,1.0
full_development,ABCA7,0.1510644449936045,0.050897698322451196,0.035990107630592405,1.0
full_development,ABCA8,-0.16062597325358752,0.18408042266757096,0.1301645151519253,0.0
full_development,ABCB1,1.0542056813746434,2.3608751003098996,1.6693907929636005,0.5
full_development,ABCB11,0.3922843256265587,0.29541355668910574,0.20888892918930324,1.0
full_development,ABCB4,1.5198177420469463,1.77821260021776,1.2573861880053412,1.0
full_development,ABCB6,0.2638577498507111,0.11577064533182248,0.08186220837647439,1.0
full_development,ABCB7,-0.2689716049599298,0.26690662607555427,0.1887314852416466,0.0
full_development,ABCB8,-0.299869031006061,0.6512176069922454,0.46048038593229274,0.5
full_development,ABCB9,0.0894234200925581,0.1111829386230508,0.07861820985260692,1.0
full_development,ABCC1,0.043823417201622306,0.4985996168991675,0.35256317020641603,0.5
full_development,ABCC10,0.09265520563392826,0.01796782371942311,0.012705169995168573,1.0
full_development,ABCC2,-0.6668957350809563,0.21683442601023672,0.15332509302653108,0.0
full_development,ABCC3,-0.5212488061523075,0.7371571310313776,0.5212488061523074,0.0
full_development,ABCC4,0.0062787278283664705,0.16279769065000693,0.1151153510201297,0.5
full_development,ABCC5,0.2893565437912109,0.27420657699955897,0.19389333004233933,1.0
full_development,ABCC6,-0.3272180405976961,0.303554989188867,0.21464579131845696,0.0
full_development,ABCC8,0.11744047486290654,0.8582433603865902,0.6068697000376878,0.5
full_development,ABCC9,-2.7181383634876504,4.287431524154399,3.03167190460255,0.5
full_development,ABCD1,-0.8020969398826168,0.581768358087733,0.4113723510835996,0.0
full_development,ABCD2,0.955424960442155,3.7082166714784504,2.62210515451142,0.5
full_development,ABCD3,-0.0576891543298963,0.5555041138753034,0.3928007258982511,0.5
full_development,ABCD4,0.043966735100767096,0.33594177173153683,0.2375467048751929,0.5
full_development,ABCE1,0.1460788399601931,2.257318004598094,1.5961648683457985,0.5
full_development,ABCF1,1.350262627995562,1.702219504068671,1.2036509543949592,1.0
full_development,ABCF2,-0.1823653705269983,0.642019866253924,0.45397660108462995,0.5
full_development,ABCG1,-0.33189024448072857,0.40192225604015613,0.2842019527557902,0.0
full_development,ABCG2,1.9019148044167906,2.8731913965196862,2.0316531201259167,0.5
full_development,ABCG4,-0.110024990186389,0.15559883332155802,0.110024990186389,0.0
full_development,ABCG5,-0.1482564582387056,0.28029015907442856,0.19819507218138455,0.5
full_development,ABHD10,-0.09718600890725071,0.05978620754656896,0.04227523277760525,0.0
full_development,ABHD17A,0.04911576313084609,0.11976735287232596,0.08468830738078381,0.5
full_development,ABHD17B,1.5607289164052176,1.922738183236478,1.3595812078128162,1.0
full_development,ABHD3,-0.27004494979538407,0.054711205025315165,0.03868666408028787,0.0
full_development,ABHD4,-0.05844358656173654,0.08265171274933378,0.05844358656173654,0.0
full_development,ABHD5,0.4668834787638154,0.13369231219377492,0.0945347405447272,1.0
full_development,ABHD6,0.30796342016717304,0.3588023711000308,0.2537115897106439,1.0
full_development,ABI1,1.4882419996595893,1.2555405953170755,0.8878012690036988,1.0
full_development,ABI2,1.5760285906316156,1.3711014498379934,0.969515132875152,1.0
full_development,ABL1,1.5093255518227977,1.1489928458218888,0.8124606328154867,1.0
full_development,ABL2,-0.2779073641532399,0.2733881096147822,0.19331458620438366,0.0
full_development,ABLIM1,-0.03675171841282676,0.40730669755492627,0.2880093278637865,0.5
full_development,ABLIM3,-0.0397016122140883,0.04171986414051012,0.02950039884393618,0.0
