context,gene,observation_policy_pfi_mean,observation_policy_pfi_sd,observation_policy_pfi_se,observation_selection_score,observation_positive_fraction,observation_cindex_pfi_mean,observation_split_use_fraction
repeat_1_fold_1,A1CF,0.0,0.0,0.0,0.0,0.0,-0.0011389458388483265,1.0
repeat_1_fold_1,A2M,0.32391464443198714,0.458084483206975,0.32391464443198714,0.0,0.5,0.0005891730782560667,1.0
repeat_1_fold_1,A4GALT,-2.20032068395561,3.224205181463626,2.279857347749733,-4.480178031705343,0.5,-0.00011194882959386643,1.0
repeat_1_fold_1,A4GNT,-2.0853277254731495,3.574024528389829,2.5272169801515,-4.61254470562465,0.5,0.0016517977910965875,1.0
repeat_1_fold_1,AAAS,0.05405637796678775,0.07644726285339738,0.05405637796678774,6.938893903907228e-18,0.5,0.0015027122122855952,0.5
repeat_1_fold_1,AACS,-0.2613812271550344,0.1320349244727063,0.09336279044810425,-0.3547440176031387,0.0,-0.00219111393246757,1.0
repeat_1_fold_1,AADAC,0.13798251325140498,0.19513674161046224,0.13798251325140498,0.0,0.5,0.0006290586277641341,1.0
repeat_1_fold_1,AAK1,-1.6442935073279585,1.5672262517722508,1.108196310281734,-2.7524898176096926,0.0,-0.003550723398368316,1.0
repeat_1_fold_1,AAMP,-1.8349421263557701,2.842860557328328,2.0102059780546284,-3.8451481044103986,0.5,-0.003783352690273245,1.0
repeat_1_fold_1,AANAT,0.18929501027120565,0.09596290857606365,0.0678560233965193,0.12143898687468635,1.0,0.00033536125693728325,1.0
repeat_1_fold_1,AARS1,-2.765121482416813,3.143991633379733,2.2231378039565786,-4.988259286373392,0.0,-0.0032275970972547308,1.0
repeat_1_fold_1,AASDHPPT,-0.10440530803340664,0.14765140260458431,0.10440530803340663,-0.20881061606681328,0.0,0.00046250978351880523,1.0
repeat_1_fold_1,AASS,-1.3002517070784094,2.299100883416616,1.625709825295871,-2.9259615323742807,0.5,-0.0019026448712513577,1.0
repeat_1_fold_1,AATF,-1.2548429256977975,1.7746158841697592,1.2548429256977973,-2.509685851395595,0.0,0.0012476606363069354,0.5
repeat_1_fold_1,ABAT,-2.958296698484258,3.727322264220877,2.6356148486981783,-5.5939115471824365,0.0,-0.0017056966330306067,1.0
repeat_1_fold_1,ABCA1,-0.5127651955517614,0.22347569299711448,0.1580211779486227,-0.6707863735003841,0.0,0.001843301778833517,1.0
repeat_1_fold_1,ABCA12,-2.778843814126933,2.589045698545923,1.8307317702436838,-4.609575584370617,0.0,-0.0005417956506906796,1.0
repeat_1_fold_1,ABCA2,0.32809431619052276,0.4639954316941638,0.3280943161905227,5.551115123125783e-17,0.5,0.0011436889166147046,0.5
repeat_1_fold_1,ABCA3,0.6972480388461761,0.9860576328743049,0.6972480388461761,0.0,0.5,0.0023873609979707666,1.0
repeat_1_fold_1,ABCA4,0.044964459456945605,0.37250195971515626,0.26339866171986515,-0.21843420226291954,0.5,-0.005533139368635864,1.0
repeat_1_fold_1,ABCA5,0.39979754158555636,0.4562001179605111,0.32258219698798024,0.07721534459757612,1.0,0.0006465218931984706,1.0
repeat_1_fold_1,ABCA6,0.050170546144489236,0.0045365378576276705,0.003207816682238018,0.04696272946225122,1.0,0.0011940310853441605,1.0
repeat_1_fold_1,ABCA7,-1.2126627761458444,2.558942556303896,1.8094456342293233,-3.022108410375168,0.5,0.0018285873136901776,1.0
repeat_1_fold_1,ABCA8,0.192204254757101,0.2718178638233057,0.19220425475710098,2.7755575615628914e-17,0.5,0.003178710624058223,1.0
repeat_1_fold_1,ABCB1,-0.08069631677979316,0.654452092463283,0.46276751254251275,-0.543463829322306,0.5,-0.0021021259688898675,1.0
repeat_1_fold_1,ABCB11,0.1351929396295688,1.3137415289423287,0.9289555438415035,-0.7937626042119347,0.5,3.066868494655539e-05,1.0
repeat_1_fold_1,ABCB4,0.0878478586881215,0.12423563318217656,0.0878478586881215,0.0,0.5,-0.0010803572692461016,1.0
repeat_1_fold_1,ABCB6,0.5066678513100733,0.381174607271165,0.2695311496175598,0.2371367016925135,1.0,0.004843983125638329,1.0
repeat_1_fold_1,ABCB7,-2.4410855162165213,3.7646025626271205,2.661976000505891,-5.103061516722413,0.5,-0.0010337343644962194,1.0
repeat_1_fold_1,ABCB8,-1.0816652907660682,1.7251860590377928,1.2198907611541188,-2.301556051920187,0.5,-0.00014660606949129518,1.0
repeat_1_fold_1,ABCB9,0.2704413240256045,0.15786847857659728,0.11162987173711512,0.15881145228848936,1.0,-8.526869959807337e-05,1.0
repeat_1_fold_1,ABCC1,0.6644130753319253,0.9396219821524256,0.6644130753319253,0.0,0.5,0.003543231520311052,1.0
repeat_1_fold_1,ABCC10,0.2500100179798572,0.8926249750045203,0.6311811728821688,-0.38117115490231157,0.5,-0.003739963817658676,1.0
repeat_1_fold_1,ABCC2,-0.20880448739658775,0.2952941379606164,0.20880448739658772,-0.4176089747931755,0.0,-0.0012815633533888038,1.0
repeat_1_fold_1,ABCC3,-2.1998587821812414,2.067311016728127,1.4618096387501147,-3.661668420931356,0.0,-0.002979768108362091,1.0
repeat_1_fold_1,ABCC4,0.033072529895736835,0.17782168936600867,0.1257389223927525,-0.09266639249701566,0.5,-0.0003951895811994399,1.0
repeat_1_fold_1,ABCC5,0.2256476580261655,0.45380246088927806,0.3208867974139515,-0.095239139387786,0.5,7.545228155603212e-07,1.0
repeat_1_fold_1,ABCC6,-3.8940369965983344,5.351643443771591,3.78418336958342,-7.678220366181755,0.0,-0.009562918702366696,1.0
repeat_1_fold_1,ABCC8,-2.835145030549512,3.20731825307525,2.2679164861729006,-5.103061516722413,0.0,-0.0013895236280319079,1.0
repeat_1_fold_1,ABCC9,-0.9411413019822064,1.330974793372709,0.9411413019822064,-1.8822826039644127,0.0,-0.0017086613741946755,1.0
repeat_1_fold_1,ABCD1,-0.002786391773305752,0.003940553035893813,0.002786391773305752,-0.005572783546611504,0.0,-0.0002613036993761031,1.0
repeat_1_fold_1,ABCD2,-2.3918926988136633,3.3826470944034672,2.3918926988136633,-4.783785397627327,0.0,0.0012209805063110868,1.0
repeat_1_fold_1,ABCD3,-1.389421605427195,1.9649388782493384,1.389421605427195,-2.77884321085439,0.0,-0.001539363729658405,1.0
repeat_1_fold_1,ABCD4,0.041613694095925524,0.05885065057090307,0.041613694095925524,0.0,0.5,-0.00017328619948703272,0.5
repeat_1_fold_1,ABCE1,-0.08238838158489159,0.576782051386884,0.4078464998023534,-0.49023488138724497,0.5,0.0007071047402761321,1.0
repeat_1_fold_1,ABCF1,0.13800522175074903,0.19516885627821573,0.13800522175074903,0.0,0.5,-0.0005796869227233659,1.0
repeat_1_fold_1,ABCF2,-2.0658702600487473,2.638304704245622,1.865563147208448,-3.9314334072571953,0.0,-0.001764770434477203,1.0
repeat_1_fold_1,ABCG1,-0.07179247560931046,0.10152989268302648,0.07179247560931046,-0.14358495121862092,0.0,-0.0031704642231853986,1.0
repeat_1_fold_1,ABCG2,-0.0008704355406656816,0.0012309817467809647,0.0008704355406656816,-0.0017408710813313633,0.0,-8.05256218316952e-05,1.0
repeat_1_fold_1,ABCG4,-0.018965580116606873,0.47486242024589975,0.3357784374865318,-0.3547440176031387,0.5,0.00012666329473726146,1.0
repeat_1_fold_1,ABCG5,0.025307032357911652,0.03578954838397343,0.025307032357911652,0.0,0.5,-0.0008557050872428085,1.0
repeat_1_fold_1,ABHD10,0.18961054041508518,0.25176562478524234,0.17802518055531277,0.01158535985977241,1.0,-0.0002752636417038823,1.0
repeat_1_fold_1,ABHD17A,-0.3635204718408609,0.5140955814776123,0.36352047184086084,-0.7270409436817218,0.0,-0.00012068046231100693,1.0
repeat_1_fold_1,ABHD17B,0.11689248623807558,0.048903364598380974,0.03457990073035333,0.08231258550772225,1.0,-0.0015687926599451396,1.0
repeat_1_fold_1,ABHD3,-1.7683837077235012,3.0006144844615505,2.1217548496893386,-3.8901385574128398,0.5,6.457140202847933e-05,1.0
repeat_1_fold_1,ABHD4,-0.2857344717903949,0.6286828749300384,0.44454592407888427,-0.7302803958692792,0.5,-0.0017246155939978913,1.0
repeat_1_fold_1,ABHD5,0.0,0.0,0.0,0.0,0.0,-0.0015313866197568249,1.0
repeat_1_fold_1,ABHD6,-1.2032556341446465,1.701660436809198,1.2032556341446465,-2.406511268289293,0.0,0.0032053907540540716,1.0
repeat_1_fold_1,ABI1,0.7243570154557659,0.017878166405431568,0.012641772700462184,0.7117152427553037,1.0,0.0016049589454736335,1.0
repeat_1_fold_1,ABI2,-1.0221567260255533,2.329536941783891,1.6472313685599607,-2.669388094585514,0.5,0.003160762126779626,1.0
repeat_1_fold_1,ABL1,1.6569516306503118,3.117971302069703,2.204738651238536,-0.547787020588224,0.5,0.01290462149746574,1.0
repeat_1_fold_1,ABL2,0.09254492618732257,0.26556677233387727,0.18778406557510863,-0.09523913938778605,0.5,-0.0003139094365521844,1.0
repeat_1_fold_1,ABLIM1,0.4059675121870434,0.054209339008633846,0.03833179121664543,0.367635720970398,1.0,0.0020951193226769194,1.0
repeat_1_fold_1,ABLIM3,-0.0699299899872301,0.09889594025655554,0.06992998998723009,-0.1398599799744602,0.0,-0.0011676202463195007,1.0
repeat_1_fold_2,A1CF,0.19796185189329663,0.2799603357799941,0.19796185189329663,0.0,0.5,-0.0014285714285714457,0.5
repeat_1_fold_2,A2M,-0.1074343901205097,0.327193276249952,0.2313605843949844,-0.3387949745154941,0.5,0.0031296132678042543,1.0
repeat_1_fold_2,A4GALT,0.0,0.0,0.0,0.0,0.0,0.0004029304029303793,0.5
repeat_1_fold_2,A4GNT,-0.127541190748385,0.12064714325652955,0.08531041312747688,-0.21285160387586188,0.0,-0.0019546756983943037,1.0
repeat_1_fold_2,AAAS,0.2131613154481471,0.30145562328005915,0.21316131544814707,2.7755575615628914e-17,0.5,0.0005135107773298619,1.0
repeat_1_fold_2,AACS,0.39038537147288466,0.5520882868890122,0.3903853714728846,5.551115123125783e-17,0.5,-0.0009318110700020643,1.0
repeat_1_fold_2,AADAC,0.9560256851633611,1.352024489935056,0.9560256851633611,0.0,0.5,0.0071428571428571175,0.5
repeat_1_fold_2,AAK1,0.18094005601063756,0.2558878811867911,0.18094005601063756,0.0,0.5,-0.0003838637632607167,0.5
repeat_1_fold_2,AAMP,1.361042273694693,2.269789000650811,1.6049831942228252,-0.2439409205281322,0.5,0.0032444732821617084,1.0
repeat_1_fold_2,AANAT,0.0,0.0,0.0,0.0,0.0,0.0002197802197801968,0.5
repeat_1_fold_2,AARS1,0.0,0.0,0.0,0.0,0.0,-0.0038827838827839023,0.5
repeat_1_fold_2,AASDHPPT,0.0,0.0,0.0,0.0,0.0,-0.0009578110331879275,1.0
repeat_1_fold_2,AASS,-0.2501244946330381,0.3537294525917589,0.2501244946330381,-0.5002489892660762,0.0,7.32600732600841e-05,1.0
repeat_1_fold_2,AATF,0.0,0.0,0.0,0.0,0.0,0.00041876046901173636,0.5
repeat_1_fold_2,ABAT,1.8379783330548136,0.8109185025435368,0.5734059721381755,1.2645723609166382,1.0,0.02292438995956586,1.0
repeat_1_fold_2,ABCA1,-0.6864780389464791,0.39334515861710817,0.2781370290050553,-0.9646150679515344,0.0,-0.004289641123811971,1.0
repeat_1_fold_2,ABCA12,0.7933850624593823,1.1220159155142837,0.7933850624593823,0.0,0.5,-0.0012560513188653588,1.0
repeat_1_fold_2,ABCA2,2.2675402190190006,0.5276848632970145,0.37312954516681524,1.8944106738521853,1.0,0.002600962688902364,1.0
repeat_1_fold_2,ABCA3,0.39038537147288466,0.5520882868890122,0.3903853714728846,5.551115123125783e-17,0.5,0.0017567385155324855,1.0
repeat_1_fold_2,ABCA4,0.0,0.0,0.0,0.0,0.0,0.0010115442904387595,1.0
repeat_1_fold_2,ABCA5,-0.40983535693299444,0.29146853839894327,0.20609938000442438,-0.6159347369374188,0.0,0.000903617599597506,1.0
repeat_1_fold_2,ABCA6,-0.9045985896957447,0.7130568244077802,0.5042073159100866,-1.4088059056058313,0.0,-0.0004484571821255501,1.0
repeat_1_fold_2,ABCA7,0.17344856248123008,0.7596957407694997,0.5371860099366508,-0.3637374474554207,0.5,0.0005702505199992602,1.0
repeat_1_fold_2,ABCA8,-0.18186872372771035,0.2572012156672135,0.18186872372771035,-0.3637374474554207,0.0,-0.0005902375123480463,1.0
repeat_1_fold_2,ABCB1,0.07459143423717762,0.10548821793507741,0.07459143423717762,0.0,0.5,0.001391941391941376,1.0
repeat_1_fold_2,ABCB11,0.07815311423597393,0.4337255466573478,0.30669027521525294,-0.228537160979279,0.5,0.0070628938342506276,1.0
repeat_1_fold_2,ABCB4,0.560774150852204,0.6310886511646663,0.4462470647684071,0.11452708608379686,1.0,0.0010135077094876044,1.0
repeat_1_fold_2,ABCB6,0.0888555925064125,0.12566078401526573,0.0888555925064125,0.0,0.5,0.0005774139316852556,1.0
repeat_1_fold_2,ABCB7,0.1627339880513432,0.23014061296127075,0.16273398805134318,2.7755575615628914e-17,0.5,-0.0012070578779121433,1.0
repeat_1_fold_2,ABCB8,-0.6088989331874295,0.77492509309668,0.547954788240279,-1.1568537214277086,0.0,0.002250492388683356,1.0
repeat_1_fold_2,ABCB9,0.7024371999561936,0.08095645920559386,0.05724486128512751,0.6451923386710661,1.0,0.006611660254876306,1.0
repeat_1_fold_2,ABCC1,0.33756037203798783,0.4773824562558301,0.33756037203798783,0.0,0.5,-0.0007328308207705247,0.5
repeat_1_fold_2,ABCC10,0.22002572028415912,0.31116335769676684,0.22002572028415912,0.0,0.5,-0.0010469011725293131,0.5
repeat_1_fold_2,ABCC2,1.1075108776517908,1.5662569036508922,1.1075108776517908,0.0,0.5,0.0060787300360165,1.0
repeat_1_fold_2,ABCC3,-0.5144813722734156,1.1361353603358153,0.8033690176392766,-1.3178503899126923,0.5,-0.00034157355765396247,1.0
repeat_1_fold_2,ABCC4,0.8678178209571605,1.2272797320666828,0.8678178209571605,0.0,0.5,0.0013958682300391212,0.5
repeat_1_fold_2,ABCC5,-0.04290242877960537,0.18445599537530305,0.13043008516039123,-0.1733325139399966,0.5,0.0019522521030059248,1.0
repeat_1_fold_2,ABCC6,0.5808314183987591,0.8214196693519268,0.5808314183987591,0.0,0.5,-0.004641261864879953,0.5
repeat_1_fold_2,ABCC8,0.17971116624535455,0.06529503134226067,0.04617055943990067,0.13354060680545388,1.0,0.0014669347960805101,1.0
repeat_1_fold_2,ABCC9,-0.250703825426811,0.5165145084561894,0.3652309115106078,-0.6159347369374188,0.5,0.0010521011651664636,1.0
repeat_1_fold_2,ABCD1,-0.1455732880945284,0.20587171834252788,0.14557328809452838,-0.2911465761890568,0.0,-0.00010295678637389782,1.0
repeat_1_fold_2,ABCD2,0.4262830935894222,0.21629812016721794,0.15294586752814254,0.27333722606127964,1.0,0.002547229431651532,1.0
repeat_1_fold_2,ABCD3,0.0984507948692368,0.4636807972296321,0.3278718360270574,-0.22942104115782058,0.5,-0.00041529380725358056,1.0
repeat_1_fold_2,ABCD4,0.2131613154481471,0.30145562328005915,0.21316131544814707,2.7755575615628914e-17,0.5,0.0022660923665949184,1.0
repeat_1_fold_2,ABCE1,0.0,0.0,0.0,0.0,0.0,-0.0016082549499634724,1.0
repeat_1_fold_2,ABCF1,0.5916830636790209,0.836766213281335,0.5916830636790209,0.0,0.5,-0.00020938023450584042,0.5
repeat_1_fold_2,ABCF2,-0.7517336773113783,0.4086751221568965,0.2889769501793822,-1.0407106274907605,0.0,-0.0011585246132985172,1.0
repeat_1_fold_2,ABCG1,-0.5026214873365049,0.7108141241314221,0.5026214873365049,-1.0052429746730098,0.0,-0.001814628699050802,0.5
repeat_1_fold_2,ABCG2,0.19935440212385913,0.28192969920234134,0.19935440212385913,0.0,0.5,0.0008123339530374252,1.0
repeat_1_fold_2,ABCG4,0.010410367766787942,0.1532633775849615,0.10837357359788058,-0.09796320583109264,0.5,-0.001910422073738649,1.0
repeat_1_fold_2,ABCG5,-0.03423112520202665,0.04841012151599754,0.03423112520202665,-0.0684622504040533,0.0,-0.0005620440419435435,1.0
repeat_1_fold_2,ABHD10,0.48004733172479064,0.678889447106215,0.4800473317247906,5.551115123125783e-17,0.5,-0.00146520146520146,0.5
repeat_1_fold_2,ABHD17A,0.1880015983841119,0.2658744101826308,0.1880015983841119,0.0,0.5,0.00015172013915731863,1.0
repeat_1_fold_2,ABHD17B,-0.274822875673987,0.32893489956747696,0.2325920980530789,-0.5074149737270659,0.0,0.0035125566783858475,1.0
repeat_1_fold_2,ABHD3,0.26794430512671497,0.25514767153439577,0.18041664874592908,0.08752765638078588,1.0,0.0019416220295617181,1.0
repeat_1_fold_2,ABHD4,-0.0218800599946114,0.03094307758991643,0.021880059994611397,-0.0437601199892228,0.0,-0.0010013743933341979,1.0
repeat_1_fold_2,ABHD5,0.0,0.0,0.0,0.0,0.0,-0.0002930402930402809,0.5
repeat_1_fold_2,ABHD6,-0.0893711597157818,0.0666665676940202,0.047140382094873694,-0.1365115418106555,0.0,-0.00232375246194344,1.0
repeat_1_fold_2,ABI1,0.024164106840373734,0.4261080183062525,0.3013038692623127,-0.27713976242193894,0.5,0.003133079929562299,1.0
repeat_1_fold_2,ABI2,0.41566404515418043,0.5878377300479045,0.4156640451541804,5.551115123125783e-17,0.5,0.008227768881035269,1.0
repeat_1_fold_2,ABL1,0.3827449353878478,1.485771228733109,1.0505989111290504,-0.6678539757412025,0.5,-0.002236395653481049,1.0
repeat_1_fold_2,ABL2,-0.5452421922806501,0.12719355524584117,0.08993942543756005,-0.6351816177182101,0.0,-0.0007206975046170627,1.0
repeat_1_fold_2,ABLIM1,0.0,0.0,0.0,0.0,0.0,0.00038906375589792264,1.0
repeat_1_fold_2,ABLIM3,-0.14572025239029784,0.20607955724278965,0.14572025239029784,-0.2914405047805957,0.0,0.0011864879955332253,0.5
full_development,A1CF,0.3859450801997646,0.3739845845489208,0.2644470357937756,0.12149804440598899,1.0,0.0008795864921296026,1.0
full_development,A2M,-0.3433464750250792,0.39503244202584115,0.27933011854515394,-0.6226765935702332,0.0,-0.001347871797455935,1.0
full_development,A4GALT,0.02344612038176308,0.0331578214289216,0.023446120381763077,3.469446951953614e-18,0.5,-0.0013496235260690437,0.5
full_development,A4GNT,-0.6685511639448585,0.9454741231911373,0.6685511639448584,-1.337102327889717,0.0,0.0005869000928625523,1.0
full_development,AAAS,-0.12336049531088022,0.20954845598837735,0.14817313421655243,-0.27153362952743265,0.5,-0.0008570219705695825,1.0
full_development,AACS,0.023031214460630167,0.020859774883149117,0.014750088273899562,0.008281126186730605,1.0,0.0006272760743060157,1.0
full_development,AADAC,-0.40998524308330175,0.15071158985179983,0.10656918718761331,-0.5165544302709151,0.0,0.0004560206690535362,1.0
full_development,AAK1,0.21299523254203834,0.16975680527636997,0.12003618816348549,0.09295904437855285,1.0,-0.0002227643416171099,1.0
full_development,AAMP,0.256838927508916,0.04109354732297203,0.02905752597508382,0.2277814015338322,1.0,0.004387308603836626,1.0
full_development,AANAT,0.3984128790415902,0.24025831893939747,0.16988828655852828,0.2285245924830619,1.0,-0.000908723007466139,1.0
full_development,AARS1,0.07134242151728643,0.46882223320734806,0.33150738027193677,-0.26016495875465034,0.5,-0.0013174787037223967,1.0
full_development,AASDHPPT,0.036883093595459826,0.01623547637859262,0.011480215443096853,0.025402878152362973,1.0,7.302292795291487e-05,1.0
full_development,AASS,0.02035187413813233,0.028781896425856986,0.020351874138132327,3.469446951953614e-18,0.5,-0.0016903154044745072,1.0
full_development,AATF,1.5646785323543355,2.725190541711278,1.9270007120694854,-0.3623221797151499,0.5,0.0007957938884794458,1.0
full_development,ABAT,2.6239791203738747,2.491167606757372,1.7615215078104,0.8624576125634746,1.0,0.005473731577305352,1.0
full_development,ABCA1,0.2692006450832167,0.543310880428169,0.38417880784319175,-0.11497816275997502,0.5,-0.001180973840903432,1.0
full_development,ABCA12,-0.04480150928889515,1.0047050032617304,0.7104337208984218,-0.755235230187317,0.5,-0.0033903360067810695,1.0
full_development,ABCA2,-0.11353501701502822,0.5475731110850233,0.3871926600436346,-0.5007276770586628,0.5,0.001623957033590362,1.0
full_development,ABCA3,0.28560466377981797,0.32756213533086387,0.2316214071523994,0.05398325662741857,1.0,-0.0030348156156962958,1.0
full_development,ABCA4,-0.024642321928666888,0.03484950587988464,0.024642321928666888,-0.049284643857333776,0.0,0.000774518279069325,1.0
full_development,ABCA5,-0.09949756041230273,0.2508639223677567,0.17738758066129634,-0.2768851410735991,0.5,-0.0030689366009409857,1.0
full_development,ABCA6,0.5561281271815766,0.550759431487356,0.3894457288071571,0.16668239837441945,1.0,0.00277795564864064,1.0
full_development,ABCA7,0.1938015310403074,0.19643361267221332,0.13889953957349377,0.05490199146681363,1.0,-0.0008689486874246533,1.0
full_development,ABCA8,-0.18559528022491634,0.14876849010566068,0.10519520818059645,-0.2907904884055128,0.0,-0.00013675021894388184,1.0
full_development,ABCB1,0.023203272859934287,0.03281438316996262,0.023203272859934287,0.0,0.5,8.028217247718628e-05,1.0
full_development,ABCB11,0.1488858327901319,0.04880389294133965,0.03450956364712354,0.11437626914300836,1.0,0.0008990571173335682,1.0
full_development,ABCB4,-0.22590150828229483,0.4544783483647353,0.32136472203116634,-0.5472662303134612,0.5,-0.0003479048412833863,1.0
full_development,ABCB6,0.044061057944762894,0.16026310160862925,0.11332312592145043,-0.06926206797668753,0.5,-0.0033726380320303617,1.0
full_development,ABCB7,0.033942200360229435,0.16147818563825825,0.11418232007851256,-0.08024011971828313,0.5,0.0009866448159813745,1.0
full_development,ABCB8,-0.033715714632908345,0.5041153550791877,0.35646338607675787,-0.3901791007096662,0.5,-0.00038744077914659725,1.0
full_development,ABCB9,0.11036774633624447,0.1560835637172704,0.11036774633624445,1.3877787807814457e-17,0.5,-0.00036529279240327117,1.0
full_development,ABCC1,0.18073745710618994,0.046121657343919646,0.03261293666744791,0.14812452043874202,1.0,0.0016298741103716319,1.0
full_development,ABCC10,0.09265520563392826,0.01796782371942311,0.012705169995168573,0.07995003563875969,1.0,0.0016963320184949504,1.0
full_development,ABCC2,-0.18825143623868712,0.015481314683079925,0.010946942594088682,-0.1991983788327758,0.0,0.004831957935790887,1.0
full_development,ABCC3,0.0,0.0,0.0,0.0,0.0,-0.0007192535554068069,1.0
full_development,ABCC4,0.0062787278283664705,0.16279769065000693,0.1151153510201297,-0.10883662319176322,0.5,-0.0002662342194168499,1.0
full_development,ABCC5,-0.1857014722601349,0.39762691221430974,0.28116468600900646,-0.46686615826914135,0.5,-0.0007242056915622297,1.0
full_development,ABCC6,-0.5010465031844298,0.31620649848766047,0.2235917593358785,-0.7246382625203083,0.0,-0.0020077948182714023,1.0
full_development,ABCC8,0.23569580254648415,0.33878116955433457,0.2395544623301795,-0.003858659783695345,0.5,0.0009353140322552744,1.0
full_development,ABCC9,0.20605422480715774,0.39201384628393665,0.27719564902639243,-0.0711414242192347,0.5,-0.0006241289223568591,1.0
full_development,ABCD1,-0.025221998166614412,0.30477983907207135,0.21551189097680631,-0.24073388914342073,0.5,0.0004983404796422009,1.0
full_development,ABCD2,-0.5359274437870134,0.623207249814493,0.44067407242844675,-0.9766015162154602,0.0,-0.0009657001520421704,1.0
full_development,ABCD3,1.5460942598246028,2.136741808823417,1.5109046226638476,0.03518963716075518,1.0,0.00036894206851517675,1.0
full_development,ABCD4,-0.03678930553447657,0.04592342105349444,0.03247276244221098,-0.06926206797668755,0.0,-0.0010679914663238033,1.0
full_development,ABCE1,-0.37378716767503306,0.7106962796079684,0.5025381586748451,-0.8763253263498781,0.5,0.001447201086373473,1.0
full_development,ABCF1,0.8081667950504716,0.025433132431497717,0.01798394040912754,0.7901828546413441,1.0,-0.0008365331491467787,1.0
full_development,ABCF2,-0.21303336158518604,0.6853909551391499,0.4846445921428177,-0.6976779537280038,0.5,0.000830153255902355,1.0
full_development,ABCG1,-0.0027644786238951724,0.41886378469597896,0.2961814225519887,-0.2989459011758839,0.5,0.0006812379379251832,1.0
full_development,ABCG2,1.5072937592803477,2.5585518846015756,1.809169387619395,-0.30187562833904735,0.5,-0.0025956668257064996,1.0
full_development,ABCG4,0.0,0.0,0.0,0.0,0.0,2.6776151374474644e-05,0.5
full_development,ABCG5,0.0018350416145800352,0.06802872438499262,0.04810357232809892,-0.046268530713518885,0.5,-0.0011674665741270296,1.0
full_development,ABHD10,0.2609876465799772,0.3643167436244628,0.25761083991665856,0.0033768066633186322,1.0,0.0001666665483208707,1.0
full_development,ABHD17A,0.03823464933456222,0.05407195964151733,0.03823464933456222,0.0,0.5,-0.0019097011859107726,1.0
full_development,ABHD17B,1.4326685589282633,1.7416334888902225,1.231520850335862,0.2011477085924014,1.0,-0.003063112087452413,1.0
full_development,ABHD3,0.011222564888168307,0.16199249824585263,0.11454599401099229,-0.10332342912282398,0.5,-0.0014892825147838629,1.0
full_development,ABHD4,0.06718521816374334,0.2603176722168286,0.18407239128721642,-0.11688717312347308,0.5,5.4339090736321705e-05,1.0
full_development,ABHD5,0.1861743691095441,0.2632903177609719,0.1861743691095441,0.0,0.5,0.0007523170367330079,1.0
full_development,ABHD6,0.2813554318787084,0.396431749005042,0.28031957799910856,0.001035853879599813,1.0,-0.0012983390239893478,1.0
full_development,ABI1,0.4098186740390055,0.42532581970331473,0.3007507713259407,0.10906790271306482,1.0,0.003486492783943196,1.0
full_development,ABI2,-0.08206296054520124,0.48758822965654336,0.3447769436168855,-0.4268399041620867,0.5,-0.00012208591100970612,1.0
full_development,ABL1,1.4643279263881688,1.2126290979861256,0.8574582582501158,0.606869668138053,1.0,7.112538045411787e-05,1.0
full_development,ABL2,-0.6303585332132862,0.9146038878288301,0.6467226111833462,-1.2770811443966323,0.5,-0.0003148343860104874,1.0
full_development,ABLIM1,-0.0052102707937926596,0.36270035455520766,0.2564678802447524,-0.2616781510385451,0.5,-0.0019522986863773073,1.0
full_development,ABLIM3,1.6375145575927021,2.1024747067380565,1.4866741224076774,0.15084043518502477,1.0,-0.0016624284935884415,1.0
