stage,trial,top_n,rmst_difference_months,harrell_cindex,rsf_n_estimators,rsf_max_depth,rsf_min_samples_leaf,rsf_min_samples_split,rsf_max_features
reduced,0,0,3.1457011980154372,0.6839594828602816,400,8,8,16,sqrt
reduced,1,1,2.216566172549207,0.6955333701595735,400,8,8,16,sqrt
reduced,2,2,0.7440110307676054,0.6972200326470825,400,8,8,16,sqrt
reduced,3,3,1.6148829547856367,0.7019805482972001,400,8,8,16,sqrt
reduced,4,4,2.1596290927451496,0.7087954716137962,400,8,8,16,sqrt
reduced,5,5,0.7286629743597256,0.7076720644004046,400,8,8,16,sqrt
reduced,6,6,2.162118883442323,0.7089475350211337,400,8,8,16,sqrt
reduced,7,7,1.651781477746135,0.7157283216544499,400,8,8,16,sqrt
reduced,8,8,0.45554388752959984,0.7158307317042895,400,8,8,16,sqrt
reduced,9,9,2.7803547073598454,0.7164669153472322,400,8,8,16,sqrt
reduced,10,10,-0.7194895838499618,0.7214819044545269,400,8,8,16,sqrt
reduced,11,11,2.3573198396964226,0.7220063680430991,400,8,8,16,sqrt
reduced,12,12,3.8911513978874925,0.7211622609656336,400,8,8,16,sqrt
reduced,13,13,1.7549683413556487,0.7211374342868847,400,8,8,16,sqrt
reduced,14,14,1.0292190004691621,0.7223477348758977,400,8,8,16,sqrt
reduced,15,15,2.00396241384068,0.7203026372139502,400,8,8,16,sqrt
reduced,16,16,1.7568110007947133,0.7219691280249756,400,8,8,16,sqrt
reduced,17,17,3.625515557823062,0.7206346940422178,400,8,8,16,sqrt
reduced,18,18,2.0105026609780805,0.7231794286139885,400,8,8,16,sqrt
reduced,19,19,1.736245253140028,0.7221056747580951,400,8,8,16,sqrt
reduced,20,20,1.6027657053447306,0.7211001942687613,400,8,8,16,sqrt
reduced,21,21,0.11026373198642425,0.7233376986910134,400,8,8,16,sqrt
reduced,22,22,-0.2082605301230055,0.7208519274812714,400,8,8,16,sqrt
reduced,23,23,0.8940866429258391,0.7247497160448618,400,8,8,16,sqrt
reduced,24,24,1.4861536716503982,0.7246690293389276,400,8,8,16,sqrt
reduced,25,25,-1.3520143276592962,0.7233035620077335,400,8,8,16,sqrt
reduced,26,26,1.149739965672531,0.7259041566066895,400,8,8,16,sqrt
reduced,27,27,-0.6906424799336234,0.7260841500276197,400,8,8,16,sqrt
reduced,28,28,2.6355189667837773,0.7275240973950607,400,8,8,16,sqrt
reduced,29,29,0.45243816373390067,0.7260996667018378,400,8,8,16,sqrt
reduced,30,30,-0.11254287537365303,0.7273503106438178,400,8,8,16,sqrt
reduced,31,31,-1.4554665035167038,0.7270151504807065,400,8,8,16,sqrt
reduced,32,32,0.5337932560549348,0.7256683031585742,400,8,8,16,sqrt
reduced,33,3,2.090900861781172,0.6960500754110367,400,6,32,96,0.25
reduced,34,7,2.5845252194607524,0.7099095688226569,400,4,16,32,sqrt
reduced,35,0,3.4362255227137126,0.6840960295934011,600,8,8,16,sqrt
reduced,36,9,-0.089215158925622,0.7088761583197304,400,8,32,96,sqrt
reduced,37,6,0.28904385953272993,0.7086961648988003,200,8,8,16,sqrt
reduced,38,3,-0.3019062147919175,0.6973038226878604,400,4,8,16,0.25
reduced,39,28,0.21834611561134748,0.7072143225109703,200,4,32,96,0.25
reduced,40,23,0.8940866429258391,0.7247497160448618,400,8,8,16,sqrt
reduced,41,21,1.0246820464695263,0.7172117157097017,200,4,8,24,sqrt
reduced,42,24,1.4563662057920834,0.7254541730543642,600,8,8,24,sqrt
reduced,43,27,0.7889799281168851,0.7268041237113402,200,6,8,16,log2
reduced,44,14,5.422947102000818,0.7189061365343198,600,8,16,48,sqrt
reduced,45,32,0.8854552994582184,0.7216432778663953,400,6,16,32,sqrt
reduced,46,27,1.0234367136263622,0.7215284544771812,400,6,8,16,0.25
reduced,47,22,-0.12582146906941874,0.7181675428415375,400,4,8,24,log2
reduced,48,0,1.8668926225426405,0.6830610674230528,600,4,16,48,0.25
