feature,median
Adjuvant Chemo,0.0
Age,65.0
IS_MALE,1.0
Stage_IA,0.0
Stage_IB,0.0
Stage_II,0.0
Stage_III,0.0
Histology_Adenocarcinoma,1.0
Histology_Adenosquamous Carcinoma,0.0
Histology_Large Cell Carcinoma,0.0
Histology_Squamous Cell Carcinoma,0.0
Race_African American,0.0
Race_Asian,0.0
Race_Caucasian,0.0
Race_Native Hawaiian or Other Pacific Islander,0.0
Race_Unknown,1.0
Smoked?_No,0.0
Smoked?_Unknown,0.0
Smoked?_Yes,0.0
LDLRAP1,7.7597904
SEC23A,7.9061594
GNG7,6.311321
ANKFY1,6.1479893
PPFIBP2,6.814455
SLC24A1,5.0951962
