context,gene,act_policy_pfi_mean,act_policy_pfi_sd,act_policy_pfi_se,act_selection_score,act_positive_fraction,act_cindex_pfi_mean,act_split_use_fraction
repeat_1_fold_1,A1CF,0.6252688709251508,0.8842637173920606,0.6252688709251508,0.0,0.5,-0.001848428835489857,0.5
repeat_1_fold_1,A2M,0.0,0.0,0.0,0.0,0.0,0.0,0.0
repeat_1_fold_1,A4GALT,0.6774478870584737,0.0606439636414699,0.0428817579289138,0.6345661291295599,1.0,-0.016774578381358984,1.0
repeat_1_fold_1,A4GNT,-2.7821625745884013,3.934572045709765,2.7821625745884013,-5.564325149176803,0.0,0.0,0.5
repeat_1_fold_1,AAAS,0.0,0.0,0.0,0.0,0.0,0.0,0.0
repeat_1_fold_1,AACS,0.0,0.0,0.0,0.0,0.0,0.0,0.0
repeat_1_fold_1,AADAC,0.0,0.0,0.0,0.0,0.0,0.0,0.0
repeat_1_fold_1,AAK1,0.0,0.0,0.0,0.0,0.0,0.0,0.0
repeat_1_fold_1,AAMP,-0.04761956969390013,0.06734424129548439,0.04761956969390013,-0.09523913938780026,0.0,0.0018484288354898015,0.5
repeat_1_fold_1,AANAT,-2.5633992359981335,3.6251939653253906,2.5633992359981335,-5.126798471996267,0.0,-0.013133208255159512,0.5
repeat_1_fold_1,AARS1,-0.11711820686504737,0.540169567539382,0.3819575641977017,-0.4990757710627491,0.5,-0.0074908185453246845,1.0
repeat_1_fold_1,AASDHPPT,-0.1714987073558305,0.24253579787206997,0.17149870735583048,-0.342997414711661,0.0,0.0009242144177449285,0.5
repeat_1_fold_1,AASS,0.0,0.0,0.0,0.0,0.0,0.0,0.0
repeat_1_fold_1,AATF,0.6712414623630067,0.9492787797009136,0.6712414623630067,0.0,0.5,-0.012014787430683904,0.5
repeat_1_fold_1,ABAT,0.6602023093658786,0.9336670598152634,0.6602023093658786,0.0,0.5,0.005545286506469516,0.5
repeat_1_fold_1,ABCA1,0.0,0.0,0.0,0.0,0.0,0.0,0.0
repeat_1_fold_1,ABCA12,0.0,0.0,0.0,0.0,0.0,0.0,0.0
repeat_1_fold_1,ABCA2,-0.054926813507456984,0.07767824460018338,0.054926813507456984,-0.10985362701491397,0.0,0.0009242144177449285,0.5
repeat_1_fold_1,ABCA3,-0.16650739783460722,0.23547702025315406,0.16650739783460722,-0.33301479566921444,0.0,-0.011090573012939031,0.5
repeat_1_fold_1,ABCA4,0.031045602856831778,0.04390511261218041,0.031045602856831778,0.0,0.5,0.004690431519699778,0.5
repeat_1_fold_1,ABCA5,0.0,0.0,0.0,0.0,0.0,0.0,0.0
repeat_1_fold_1,ABCA6,0.0,0.0,0.0,0.0,0.0,0.0,0.0
repeat_1_fold_1,ABCA7,0.5923604690417434,1.1278292946417199,0.7974957422620008,-0.20513527322025737,0.5,0.002828130798014916,1.0
repeat_1_fold_1,ABCA8,1.079612753569151,1.5268029982084557,1.079612753569151,0.0,0.5,-0.006566604127579756,0.5
repeat_1_fold_1,ABCB1,-0.5199031285459839,0.7352540555099331,0.5199031285459839,-1.0398062570919677,0.0,0.004690431519699778,0.5
repeat_1_fold_1,ABCB11,0.3664525801147178,0.5182422087648472,0.3664525801147178,0.0,0.5,0.0037523452157598447,0.5
repeat_1_fold_1,ABCB4,1.079612753569151,1.5268029982084557,1.079612753569151,0.0,0.5,-0.0009380863039399889,0.5
repeat_1_fold_1,ABCB6,1.3245035441324013,1.4415831194357827,1.0193531993970986,0.3051503447353028,1.0,-0.006469500924214444,1.0
repeat_1_fold_1,ABCB7,-0.21432532279747818,0.30310177826018514,0.21432532279747818,-0.42865064559495636,0.0,0.007393715341959317,0.5
repeat_1_fold_1,ABCB8,0.42568593426447876,0.6020108215482877,0.4256859342644787,5.551115123125783e-17,0.5,0.0,0.5
repeat_1_fold_1,ABCB9,0.09521267072064887,0.13465105024290533,0.09521267072064887,0.0,0.5,-0.00277264325323473,0.5
repeat_1_fold_1,ABCC1,0.30114183967394936,0.1147887981735588,0.0811679375927774,0.21997390208117196,1.0,0.01307772071037927,1.0
repeat_1_fold_1,ABCC10,0.3673424345266909,0.6541891355337658,0.4625815739144912,-0.09523913938780026,0.5,-0.014940021432064188,1.0
repeat_1_fold_1,ABCC2,-0.1498793051274987,0.211961346030364,0.14987930512749867,-0.2997586102549974,0.0,0.0009242144177449285,0.5
repeat_1_fold_1,ABCC3,-0.5521392353478056,0.4855399897378475,0.34332861928087866,-0.8954678546286843,0.0,0.00277264325323473,1.0
repeat_1_fold_1,ABCC4,0.0,0.0,0.0,0.0,0.0,0.0,0.0
repeat_1_fold_1,ABCC5,0.36118986928613595,0.5107996117362189,0.36118986928613595,0.0,0.5,0.0028142589118198558,0.5
repeat_1_fold_1,ABCC6,-1.7535093957396732,2.2065795871684757,1.5602873893146416,-3.313796785054315,0.0,0.016691347064188677,1.0
repeat_1_fold_1,ABCC8,-2.424410590520253,3.428634337874706,2.424410590520253,-4.848821181040506,0.0,0.0,0.5
repeat_1_fold_1,ABCC9,0.0,0.0,0.0,0.0,0.0,0.0,0.0
repeat_1_fold_1,ABCD1,-2.7171524199840853,3.8426338033763696,2.7171524199840853,-5.434304839968171,0.0,-0.0103189493433396,0.5
repeat_1_fold_1,ABCD2,0.0,0.0,0.0,0.0,0.0,0.0,0.0
repeat_1_fold_1,ABCD3,-0.042553191881616215,0.060179301081246334,0.04255319188161621,-0.08510638376323243,0.0,0.010166358595194103,0.5
repeat_1_fold_1,ABCD4,0.9128283690931198,0.36043977428139706,0.25486940860372437,0.6579589604893954,1.0,0.013546763862349265,1.0
repeat_1_fold_1,ABCE1,-0.1498793051274987,0.211961346030364,0.14987930512749867,-0.2997586102549974,0.0,0.0009242144177449285,0.5
repeat_1_fold_1,ABCF1,0.0,0.0,0.0,0.0,0.0,-0.004690431519699834,0.5
repeat_1_fold_1,ABCF2,0.0,0.0,0.0,0.0,0.0,0.0028142589118198558,0.5
repeat_1_fold_1,ABCG1,-0.37424399292223853,0.5292609304272904,0.37424399292223853,-0.7484879858444771,0.0,-0.0009242144177449285,0.5
repeat_1_fold_1,ABCG2,0.3912407685729633,0.553298001069158,0.39124076857296325,5.551115123125783e-17,0.5,-0.0009242144177449285,0.5
repeat_1_fold_1,ABCG4,0.0,0.0,0.0,0.0,0.0,-0.0037523452157599,0.5
repeat_1_fold_1,ABCG5,-0.18186423471397362,0.2571948672431053,0.1818642347139736,-0.36372846942794723,0.0,0.006469500924214389,0.5
repeat_1_fold_1,ABHD10,1.021880474245247,2.689477221200786,1.9017475809578277,-0.8798671067125807,0.5,0.03332720658359717,1.0
repeat_1_fold_1,ABHD17A,0.0,0.0,0.0,0.0,0.0,0.0,0.0
repeat_1_fold_1,ABHD17B,0.9482395057721504,1.341013169440936,0.9482395057721504,0.0,0.5,0.028142589118198835,0.5
repeat_1_fold_1,ABHD3,0.7652528922823834,1.569160856039671,1.1095642820781393,-0.34431138979575593,0.5,0.0009519581901349938,1.0
repeat_1_fold_1,ABHD4,-0.44547784598700346,0.6300008115315732,0.44547784598700346,-0.8909556919740069,0.0,-0.00652498846899463,1.0
repeat_1_fold_1,ABHD5,-2.542408912965911,3.595509165814629,2.542408912965911,-5.084817825931822,0.0,-0.007504690431519745,0.5
repeat_1_fold_1,ABHD6,0.14617160976349908,0.2067178729614479,0.14617160976349905,2.7755575615628914e-17,0.5,-0.0009380863039399889,0.5
repeat_1_fold_1,ABI1,0.0,0.0,0.0,0.0,0.0,0.0,0.0
repeat_1_fold_1,ABI2,0.0,0.0,0.0,0.0,0.0,0.0,0.0
repeat_1_fold_1,ABL1,0.08784785868814282,0.1242356331822067,0.08784785868814281,1.3877787807814457e-17,0.5,0.004690431519699778,0.5
repeat_1_fold_1,ABL2,0.8552735727413499,1.2095394861101088,0.8552735727413497,1.1102230246251565e-16,0.5,0.04221388367729828,0.5
repeat_1_fold_1,ABLIM1,-2.3445915037485285,3.3157531028258984,2.3445915037485285,-4.689183007497057,0.0,-0.021575984990619135,0.5
repeat_1_fold_1,ABLIM3,0.20169362184869755,0.28523785546257846,0.20169362184869752,2.7755575615628914e-17,0.5,0.0009242144177449285,0.5
repeat_1_fold_2,A1CF,0.0,0.0,0.0,0.0,0.0,0.001974282642851266,1.0
repeat_1_fold_2,A2M,1.576859899041711,2.2300166551870575,1.576859899041711,0.0,0.5,0.002873563218390829,0.5
repeat_1_fold_2,A4GALT,0.0,0.0,0.0,0.0,0.0,0.0,0.0
repeat_1_fold_2,A4GNT,0.09128559527057689,0.013239889014713402,0.009362015304461123,0.08192357996611577,1.0,-0.01761349541056806,1.0
repeat_1_fold_2,AAAS,0.0,0.0,0.0,0.0,0.0,0.0,0.0
repeat_1_fold_2,AACS,0.39038537147288466,0.5520882868890122,0.3903853714728846,5.551115123125783e-17,0.5,0.0019157088122605526,0.5
repeat_1_fold_2,AADAC,-0.44400717633281417,0.6279209705608481,0.4440071763328141,-0.8880143526656283,0.0,-0.0017985611510791255,0.5
repeat_1_fold_2,AAK1,0.21316131544832473,0.3014556232803104,0.21316131544832473,0.0,0.5,-0.0008992805755395628,0.5
repeat_1_fold_2,AAMP,1.2123518138164897,1.7145243774669012,1.2123518138164897,0.0,0.5,-0.0009578544061302763,0.5
repeat_1_fold_2,AANAT,0.9345963327385363,1.3217188091029959,0.9345963327385363,0.0,0.5,0.0008992805755395628,1.0
repeat_1_fold_2,AARS1,0.0,0.0,0.0,0.0,0.0,-0.0008992805755395628,0.5
repeat_1_fold_2,AASDHPPT,0.9693867645689416,1.3709199096383717,0.9693867645689416,0.0,0.5,0.0019157088122605526,0.5
repeat_1_fold_2,AASS,0.0,0.0,0.0,0.0,0.0,0.0,0.0
repeat_1_fold_2,AATF,1.1128464870317814,1.264274085672605,0.8939767792575211,0.2188697077742603,1.0,0.006880702334684019,1.0
repeat_1_fold_2,ABAT,0.5255847829386404,0.7432891282087446,0.5255847829386404,0.0,0.5,0.002873563218390829,0.5
repeat_1_fold_2,ABCA1,0.062077178793423116,0.08779038816351846,0.062077178793423116,0.0,0.5,0.006294964028776995,0.5
repeat_1_fold_2,ABCA12,0.0,0.0,0.0,0.0,0.0,0.0,0.0
repeat_1_fold_2,ABCA2,-0.030472072473575196,0.04309401816574591,0.030472072473575192,-0.06094414494715039,0.0,-0.0009578544061302763,0.5
repeat_1_fold_2,ABCA3,0.0,0.0,0.0,0.0,0.0,0.0,0.0
repeat_1_fold_2,ABCA4,0.45666636076775546,0.6458237608773245,0.45666636076775546,0.0,0.5,0.003597122302158251,0.5
repeat_1_fold_2,ABCA5,0.0,0.0,0.0,0.0,0.0,0.0,0.0
repeat_1_fold_2,ABCA6,-0.025629018368427126,0.35568990532326583,0.25151074405368234,-0.27713976242210947,0.5,-5.857383059071353e-05,1.0
repeat_1_fold_2,ABCA7,0.0,0.0,0.0,0.0,0.0,0.0,0.0
repeat_1_fold_2,ABCA8,-0.13856988121105474,0.19596740534510232,0.1385698812110547,-0.27713976242210947,0.0,-0.0035971223021583065,0.5
repeat_1_fold_2,ABCB1,0.0,0.0,0.0,0.0,0.0,0.0,0.0
repeat_1_fold_2,ABCB11,-0.021115388810365232,0.029861669230399603,0.02111538881036523,-0.042230777620730464,0.0,-0.0008992805755395628,0.5
repeat_1_fold_2,ABCB4,0.0,0.0,0.0,0.0,0.0,0.0,0.0
repeat_1_fold_2,ABCB6,-0.276172946763527,0.7771247390710259,0.5495101728249487,-0.8256831195884757,0.5,-0.0007821329143581357,1.0
repeat_1_fold_2,ABCB7,0.0,0.0,0.0,0.0,0.0,0.0,0.0
repeat_1_fold_2,ABCB8,0.3647563531044611,0.9077781922122831,0.6418961155265704,-0.27713976242210936,0.5,-0.0029907108795722004,1.0
repeat_1_fold_2,ABCB9,0.0,0.0,0.0,0.0,0.0,0.0,0.0
repeat_1_fold_2,ABCC1,0.15939561251621015,0.22541943700319106,0.15939561251621015,0.0,0.5,-0.0024635464042558897,1.0
repeat_1_fold_2,ABCC10,0.004868267018146355,0.006884769242316202,0.004868267018146355,0.0,0.5,-0.0028735632183907733,0.5
repeat_1_fold_2,ABCC2,-0.06892786088507918,0.09747871568904495,0.06892786088507918,-0.13785572177015837,0.0,0.0019157088122605526,0.5
repeat_1_fold_2,ABCC3,0.0,0.0,0.0,0.0,0.0,-0.001915708812260497,0.5
repeat_1_fold_2,ABCC4,0.0,0.0,0.0,0.0,0.0,0.0,0.0
repeat_1_fold_2,ABCC5,0.0,0.0,0.0,0.0,0.0,0.0,0.0
repeat_1_fold_2,ABCC6,-0.153798865428179,0.2175044413661253,0.153798865428179,-0.307597730856358,0.0,0.003831417624521105,0.5
repeat_1_fold_2,ABCC8,-0.2164094436861177,0.2198611339550324,0.1554652987389673,-0.371874742425085,0.0,-0.020976322390363566,1.0
repeat_1_fold_2,ABCC9,0.0,0.0,0.0,0.0,0.0,0.0,0.0
repeat_1_fold_2,ABCD1,0.0,0.0,0.0,0.0,0.0,0.0,0.0
repeat_1_fold_2,ABCD2,0.0,0.0,0.0,0.0,0.0,0.0,0.0
repeat_1_fold_2,ABCD3,0.0,0.0,0.0,0.0,0.0,-0.0008992805755395628,0.5
repeat_1_fold_2,ABCD4,0.5493713104704021,0.776928358045923,0.5493713104704021,0.0,0.5,0.003831417624521105,0.5
repeat_1_fold_2,ABCE1,0.0,0.0,0.0,0.0,0.0,0.0,0.0
repeat_1_fold_2,ABCF1,-0.24080620498047978,0.34055140098699005,0.24080620498047975,-0.48161240996095955,0.0,0.01819923371647511,0.5
repeat_1_fold_2,ABCF2,0.8740019168021895,1.7565906988376074,1.2420971949172885,-0.368095278115099,0.5,0.013292814024642385,1.0
repeat_1_fold_2,ABCG1,-0.34968498873148235,0.49452925362234523,0.3496849887314823,-0.6993699774629647,0.0,-0.007662835249042155,0.5
repeat_1_fold_2,ABCG2,2.5180161663492555,0.4827101742635842,0.34132763756952045,2.176688528779735,1.0,0.0266442018798754,1.0
repeat_1_fold_2,ABCG4,-0.01372158075542984,0.019405245601526542,0.01372158075542984,-0.02744316151085968,0.0,0.005747126436781602,0.5
repeat_1_fold_2,ABCG5,3.8472038406028766,5.440767848594447,3.8472038406028766,0.0,0.5,0.0017985611510791255,0.5
repeat_1_fold_2,ABHD10,0.0,0.0,0.0,0.0,0.0,0.0,0.0
repeat_1_fold_2,ABHD17A,0.10943485388713015,0.15476425456349746,0.10943485388713013,1.3877787807814457e-17,0.5,-0.0008992805755395628,0.5
repeat_1_fold_2,ABHD17B,0.0,0.0,0.0,0.0,0.0,0.0,0.0
repeat_1_fold_2,ABHD3,0.0,0.0,0.0,0.0,0.0,0.0,0.0
repeat_1_fold_2,ABHD4,0.0,0.0,0.0,0.0,0.0,0.0,0.0
repeat_1_fold_2,ABHD5,-0.16713063276736762,0.23635840754760848,0.1671306327673676,-0.33426126553473523,0.0,-0.004496402877697869,0.5
repeat_1_fold_2,ABHD6,-0.16902666181943715,0.23903979754769863,0.16902666181943715,-0.3380533236388743,0.0,-0.0207799277819124,1.0
repeat_1_fold_2,ABI1,0.0,0.0,0.0,0.0,0.0,0.0,0.0
repeat_1_fold_2,ABI2,0.1367635483169778,0.19341286486813805,0.13676354831697776,2.7755575615628914e-17,0.5,0.009695691722484134,1.0
repeat_1_fold_2,ABL1,0.0888555925064125,0.12566078401526573,0.0888555925064125,0.0,0.5,-0.00017572149177208507,1.0
repeat_1_fold_2,ABL2,0.16273398805134676,0.23014061296127578,0.16273398805134673,2.7755575615628914e-17,0.5,-0.004789272030651326,0.5
repeat_1_fold_2,ABLIM1,-0.7194989670704679,0.6706159209183593,0.47419706525303335,-1.1936960323235013,0.0,0.0019157088122605526,1.0
repeat_1_fold_2,ABLIM3,0.0,0.0,0.0,0.0,0.0,0.0,0.0
full_development,A1CF,0.06386790489549554,0.49209046782616217,0.34796050675713985,-0.2840926018616443,0.5,0.00018403687861578977,1.0
full_development,A2M,-0.6497049376545547,1.274153453306807,0.9009625471055003,-1.550667484760055,0.5,0.0018247850182107062,1.0
full_development,A4GALT,0.20879160490011017,0.2952759193593806,0.20879160490011017,0.0,0.5,0.0014381591562799556,0.5
full_development,A4GNT,0.3046500958155427,0.43084029728060336,0.30465009581554264,5.551115123125783e-17,0.5,-0.0024325519681556995,0.5
full_development,AAAS,-0.31855205647554286,0.4505006385895528,0.3185520564755428,-0.6371041129510857,0.0,-0.007190795781399806,0.5
full_development,AACS,-0.17591295025731313,0.13507560775009472,0.09551287821298615,-0.2714258284702993,0.0,-0.0009031164567558092,1.0
full_development,AADAC,-0.5810919451834557,0.4395004853503614,0.3107737735260194,-0.8918657187094752,0.0,0.0015479876160990613,1.0
full_development,AAK1,0.0,0.0,0.0,0.0,0.0,0.0016778523489932862,0.5
full_development,AAMP,-0.21501283044556985,0.356174391936892,0.2518533278235715,-0.46686615826914135,0.5,-0.0011799138588674818,1.0
full_development,AANAT,-0.1765769726419677,0.2500014169002126,0.17677769719638547,-0.3533546698383532,0.5,0.0006448711593432799,1.0
full_development,AARS1,-0.6293103438574619,0.9606030883487292,0.6792489578001266,-1.3085593016575885,0.5,-0.005547079305053021,1.0
full_development,AASDHPPT,0.25511005241255447,0.47204958942459296,0.33378946573845525,-0.07867941332590078,0.5,-0.0012014343003185213,1.0
full_development,AASS,0.0,0.0,0.0,0.0,0.0,0.002395447758757302,1.0
full_development,AATF,0.745007750403925,0.4343136488441719,0.3071061262595869,0.4379016241443381,1.0,-0.00202737400152575,1.0
full_development,ABAT,1.3547380990862692,2.60052022788083,1.8388454877473208,-0.48410738866105163,0.5,0.0002582452974125016,1.0
full_development,ABCA1,0.16089185950430718,0.24044339531762893,0.17001915532061318,-0.009127295816306003,0.5,0.01977876986188326,1.0
full_development,ABCA12,0.23607749370143694,0.33386399336362105,0.23607749370143694,0.0,0.5,-0.003833606915037313,1.0
full_development,ABCA2,0.5038771457372384,0.7125898932714472,0.5038771457372384,0.0,0.5,0.009951348960636874,0.5
full_development,ABCA3,0.05155792452008967,0.6105046094863645,0.4316919493134534,-0.3801340247933637,0.5,-0.0009216685614549802,1.0
full_development,ABCA4,-0.5167684572569939,1.5461551148108974,1.0932967664490505,-1.6100652237060444,0.5,-0.005104797129024702,1.0
full_development,ABCA5,0.952158673970608,1.346555710260416,0.9521586739706079,1.1102230246251565e-16,0.5,-0.003759398496240629,0.5
full_development,ABCA6,0.16270102808942255,0.010342918806277503,0.007313548025180693,0.15538748006424186,1.0,-0.0011242575447699688,1.0
full_development,ABCA7,0.05937009630560297,0.5994565301957032,0.4238797775279401,-0.3645096812223371,0.5,-0.00029534950681087135,1.0
full_development,ABCA8,0.04551829315216338,0.10745159468889436,0.07597975125382561,-0.03046145810166223,0.5,0.0011613617541682553,1.0
full_development,ABCB1,1.0310024085146914,2.393689483479867,1.692594065823538,-0.6615916573088467,0.5,0.0010144290849508075,1.0
full_development,ABCB11,0.3005866274079274,0.4250936851482792,0.3005866274079274,0.0,0.5,0.0021572387344199473,0.5
full_development,ABCB4,1.7934508572036307,2.1651882627868626,1.5310193031621109,0.26243155404151985,1.0,-0.0007561837875383615,1.0
full_development,ABCB6,0.20170515293107272,0.07007775605930726,0.04955245651987283,0.15215269641119988,1.0,0.0002211410880141318,1.0
full_development,ABCB7,-0.22885154510079175,0.32364495885157774,0.22885154510079173,-0.4577030902015835,0.0,-0.0007190795781399917,0.5
full_development,ABCB8,0.13520663183903636,0.694746966605715,0.49126029129568494,-0.3560536594566486,0.5,0.004441373864982223,1.0
full_development,ABCB9,-0.1436218318646425,0.12859156715303818,0.0909279691373186,-0.2345498010019611,0.0,-0.0009587727708533222,1.0
full_development,ABCC1,0.24436390514350137,0.04702577295751529,0.03325224294879803,0.21111166219470334,1.0,-0.00029534950681087135,1.0
full_development,ABCC10,0.0,0.0,0.0,0.0,0.0,0.0,0.0
full_development,ABCC2,-0.42811348580749,0.10572493145050758,0.07475881596913679,-0.5028723017766268,0.0,-0.0029490425629807027,1.0
full_development,ABCC3,-0.5212488061523395,0.7371571310314229,0.5212488061523395,-1.042497612304679,0.0,0.0005706627405465681,1.0
full_development,ABCC4,0.0,0.0,0.0,0.0,0.0,0.00023969319271333056,0.5
full_development,ABCC5,0.24162493691677156,0.3417092627952419,0.24162493691677156,0.0,0.5,-0.00110570544007077,1.0
full_development,ABCC6,1.6028163453607753,2.9809310912155635,2.1078365888483397,-0.5050202434875644,0.5,0.006451679930184695,1.0
full_development,ABCC8,-0.07197779492726397,0.7814043946162074,0.5525363462820891,-0.6245141412093531,0.5,0.009713139936299464,1.0
full_development,ABCC9,-2.4745995152515015,3.741418782953663,2.6455825926852548,-5.120182107936756,0.5,-0.02419713911703858,1.0
full_development,ABCD1,-0.4691260530693384,0.16494844491164282,0.1166361639431983,-0.5857622170125367,0.0,-0.0007190795781399917,1.0
full_development,ABCD2,1.232107468226321,3.316928516498643,2.3454226467272252,-1.1133151785009043,0.5,0.0037593984962406013,1.0
full_development,ABCD3,0.18706919269780897,0.004501497404101645,0.003183039339933913,0.18388615335787506,1.0,-0.008959924485513054,1.0
full_development,ABCD4,0.10846692147847037,0.2508292471642665,0.17736306158976944,-0.06889614011129908,0.5,0.002248515089539882,1.0
full_development,ABCE1,0.534994868016998,1.823025065000829,1.2890733857351326,-0.7540785177181346,0.5,-0.05865730255366011,1.0
full_development,ABCF1,1.1172234049950305,1.5468516847399225,1.0937893157694347,0.023434089225595756,1.0,-0.0007561837875383615,1.0
full_development,ABCF2,0.18214540829345793,0.25759250673259304,0.18214540829345793,0.0,0.5,0.0006634232640424509,0.5
full_development,ABCG1,-0.5509964911759795,0.7327910190534197,0.5181614987652736,-1.069157989941253,0.0,-0.0034098768437081928,1.0
full_development,ABCG2,0.3960111958733634,0.16616949934358902,0.11749957981222535,0.27851161606113806,1.0,-0.0011613617541683108,1.0
full_development,ABCG4,-0.11002499018639256,0.15559883332156305,0.11002499018639256,-0.22004998037278511,0.0,-0.0004793863854266611,0.5
full_development,ABCG5,-0.1804182117905242,0.2551498820132608,0.1804182117905242,-0.3608364235810484,0.0,-0.0035753616176248115,1.0
full_development,ABHD10,-0.13547536875574906,0.05521636500490944,0.03904386612744303,-0.1745192348831921,0.0,0.0015294355113998903,1.0
full_development,ABHD17A,-0.030341084718379818,0.35438278551505076,0.2505864707734702,-0.28092755549185,0.5,0.006211986737471364,1.0
full_development,ABHD17B,-0.04407557925323147,0.062332281949370155,0.04407557925323147,-0.08815115850646293,0.0,0.0004793863854266611,0.5
full_development,ABHD3,-0.08031941106524698,1.0739263914826558,0.7593806339125848,-0.8397000449778318,0.5,-0.0026180730151474374,1.0
full_development,ABHD4,0.0,0.0,0.0,0.0,0.0,0.0007190795781399639,0.5
full_development,ABHD5,0.3516786488621797,0.29661654509155366,0.20973957044636293,0.14193907841581677,1.0,0.001639263971218996,1.0
full_development,ABHD6,0.053812520788898865,0.0761023967251449,0.053812520788898865,0.0,0.5,0.0011057054400707422,0.5
full_development,ABI1,1.1038797932276339,1.9161707727988604,1.3549373473575415,-0.2510575541299076,0.5,0.0015850918254974034,1.0
full_development,ABI2,1.8567653415976402,1.750482215174044,1.2377778446960157,0.6189874969016245,1.0,0.009139508859001028,1.0
full_development,ABL1,-0.18722535984229083,0.16682528721849185,0.11796329186558906,-0.3051886517078799,0.0,0.00012838056451824897,1.0
full_development,ABL2,0.22396688517424224,0.5078940108456792,0.3591352991930137,-0.13516841401877144,0.5,0.0006990433050648448,1.0
full_development,ABLIM1,-0.14526870899893396,0.2054409784547229,0.14526870899893396,-0.2905374179978679,0.0,-0.0046439628482972395,0.5
full_development,ABLIM3,-0.03401413684648702,0.08066676353759619,0.057040015513806,-0.09105415236029302,0.5,0.004110404317148958,1.0
